email,current_placement,first_choice,second_choice,third_choice
user0@example.com,hospital_60,hospital_21,hospital_47,hospital_39
user1@example.com,hospital_44,hospital_19,hospital_35,hospital_32
user2@example.com,hospital_50,hospital_19,hospital_13,hospital_26
user3@example.com,hospital_29,hospital_59,hospital_34,hospital_2
user4@example.com,hospital_63,hospital_29,hospital_50,hospital_43
user5@example.com,hospital_63,hospital_28,hospital_0,hospital_59
user6@example.com,hospital_17,hospital_49,hospital_27,hospital_56
user7@example.com,hospital_39,hospital_28,hospital_64,hospital_11
user8@example.com,hospital_1,hospital_49,hospital_41,hospital_42
user9@example.com,hospital_44,hospital_38,hospital_67,hospital_27
user10@example.com,hospital_33,hospital_69,hospital_46,hospital_18
user11@example.com,hospital_44,hospital_27,hospital_46,hospital_26
user12@example.com,hospital_47,hospital_13,hospital_64,hospital_51
user13@example.com,hospital_59,hospital_6,hospital_48,hospital_21
user14@example.com,hospital_69,hospital_41,hospital_36,hospital_12
user15@example.com,hospital_8,hospital_56,hospital_55,hospital_69
user16@example.com,hospital_11,hospital_17,hospital_54,hospital_19
user17@example.com,hospital_25,hospital_17,hospital_7,hospital_69
user18@example.com,hospital_45,hospital_22,hospital_34,hospital_59
user19@example.com,hospital_7,hospital_28,hospital_12,hospital_64
user20@example.com,hospital_44,hospital_34,hospital_14,hospital_57
user21@example.com,hospital_42,hospital_26,hospital_31,hospital_46
user22@example.com,hospital_22,hospital_17,hospital_33,hospital_11
user23@example.com,hospital_28,hospital_49,hospital_27,hospital_23
user24@example.com,hospital_68,hospital_57,hospital_48,hospital_27
user25@example.com,hospital_67,hospital_39,hospital_20,hospital_15
user26@example.com,hospital_54,hospital_32,hospital_20,hospital_25
user27@example.com,hospital_10,hospital_51,hospital_30,hospital_0
user28@example.com,hospital_61,hospital_45,hospital_43,hospital_54
user29@example.com,hospital_34,hospital_62,hospital_2,hospital_0
user30@example.com,hospital_8,hospital_24,hospital_11,hospital_56
user31@example.com,hospital_59,hospital_32,hospital_0,hospital_56
user32@example.com,hospital_69,hospital_26,hospital_2,hospital_3
user33@example.com,hospital_59,hospital_62,hospital_54,hospital_24
user34@example.com,hospital_65,hospital_48,hospital_55,hospital_29
user35@example.com,hospital_1,hospital_67,hospital_13,hospital_0
user36@example.com,hospital_69,hospital_54,hospital_33,hospital_35
user37@example.com,hospital_21,hospital_35,hospital_3,hospital_55
user38@example.com,hospital_1,hospital_61,hospital_22,hospital_52
user39@example.com,hospital_40,hospital_45,hospital_58,hospital_30
user40@example.com,hospital_56,hospital_17,hospital_46,hospital_30
user41@example.com,hospital_22,hospital_39,hospital_32,hospital_14
user42@example.com,hospital_21,hospital_3,hospital_41,hospital_59
user43@example.com,hospital_5,hospital_3,hospital_55,hospital_31
user44@example.com,hospital_16,hospital_56,hospital_0,hospital_20
user45@example.com,hospital_34,hospital_1,hospital_54,hospital_39
user46@example.com,hospital_29,hospital_36,hospital_68,hospital_49
user47@example.com,hospital_20,hospital_9,hospital_39,hospital_14
user48@example.com,hospital_12,hospital_55,hospital_51,hospital_49
user49@example.com,hospital_37,hospital_18,hospital_42,hospital_17
user50@example.com,hospital_31,hospital_59,hospital_5,hospital_64
user51@example.com,hospital_13,hospital_41,hospital_34,hospital_52
user52@example.com,hospital_64,hospital_48,hospital_23,hospital_15
user53@example.com,hospital_51,hospital_48,hospital_46,hospital_60
user54@example.com,hospital_58,hospital_11,hospital_53,hospital_65
user55@example.com,hospital_66,hospital_25,hospital_57,hospital_51
user56@example.com,hospital_49,hospital_4,hospital_20,hospital_7
user57@example.com,hospital_33,hospital_36,hospital_32,hospital_1
user58@example.com,hospital_38,hospital_34,hospital_14,hospital_30
user59@example.com,hospital_6,hospital_43,hospital_52,hospital_53
user60@example.com,hospital_33,hospital_62,hospital_17,hospital_9
user61@example.com,hospital_35,hospital_66,hospital_64,hospital_2
user62@example.com,hospital_28,hospital_63,hospital_14,hospital_56
user63@example.com,hospital_14,hospital_44,hospital_49,hospital_22
user64@example.com,hospital_19,hospital_33,hospital_36,hospital_14
user65@example.com,hospital_46,hospital_22,hospital_31,hospital_15
user66@example.com,hospital_65,hospital_43,hospital_16,hospital_56
user67@example.com,hospital_47,hospital_26,hospital_7,hospital_17
user68@example.com,hospital_16,hospital_61,hospital_13,hospital_17
user69@example.com,hospital_43,hospital_32,hospital_61,hospital_48
user70@example.com,hospital_67,hospital_15,hospital_30,hospital_3
user71@example.com,hospital_56,hospital_27,hospital_52,hospital_60
user72@example.com,hospital_41,hospital_58,hospital_1,hospital_54
user73@example.com,hospital_65,hospital_59,hospital_36,hospital_7
user74@example.com,hospital_35,hospital_44,hospital_64,hospital_25
user75@example.com,hospital_25,hospital_27,hospital_16,hospital_12
user76@example.com,hospital_42,hospital_55,hospital_38,hospital_0
user77@example.com,hospital_41,hospital_51,hospital_49,hospital_63
user78@example.com,hospital_62,hospital_65,hospital_37,hospital_51
user79@example.com,hospital_62,hospital_68,hospital_19,hospital_23
user80@example.com,hospital_18,hospital_4,hospital_56,hospital_21
user81@example.com,hospital_66,hospital_26,hospital_25,hospital_9
user82@example.com,hospital_2,hospital_35,hospital_65,hospital_59
user83@example.com,hospital_20,hospital_59,hospital_3,hospital_7
user84@example.com,hospital_37,hospital_63,hospital_48,hospital_67
user85@example.com,hospital_13,hospital_22,hospital_51,hospital_23
user86@example.com,hospital_52,hospital_65,hospital_29,hospital_45
user87@example.com,hospital_26,hospital_29,hospital_28,hospital_23
user88@example.com,hospital_51,hospital_13,hospital_3,hospital_32
user89@example.com,hospital_42,hospital_54,hospital_0,hospital_36
user90@example.com,hospital_9,hospital_18,hospital_1,hospital_23
user91@example.com,hospital_13,hospital_48,hospital_28,hospital_23
user92@example.com,hospital_1,hospital_55,hospital_51,hospital_63
user93@example.com,hospital_0,hospital_67,hospital_31,hospital_47
user94@example.com,hospital_64,hospital_14,hospital_4,hospital_27
user95@example.com,hospital_48,hospital_44,hospital_20,hospital_61
user96@example.com,hospital_34,hospital_62,hospital_64,hospital_4
user97@example.com,hospital_64,hospital_54,hospital_5,hospital_26
user98@example.com,hospital_37,hospital_22,hospital_66,hospital_5
user99@example.com,hospital_34,hospital_59,hospital_44,hospital_33
user100@example.com,hospital_48,hospital_54,hospital_25,hospital_6
user101@example.com,hospital_10,hospital_43,hospital_27,hospital_28
user102@example.com,hospital_18,hospital_40,hospital_55,hospital_29
user103@example.com,hospital_46,hospital_23,hospital_1,hospital_19
user104@example.com,hospital_63,hospital_62,hospital_58,hospital_43
user105@example.com,hospital_38,hospital_46,hospital_30,hospital_69
user106@example.com,hospital_29,hospital_63,hospital_25,hospital_61
user107@example.com,hospital_33,hospital_61,hospital_55,hospital_38
user108@example.com,hospital_23,hospital_28,hospital_12,hospital_38
user109@example.com,hospital_10,hospital_4,hospital_2,hospital_69
user110@example.com,hospital_67,hospital_61,hospital_29,hospital_17
user111@example.com,hospital_29,hospital_35,hospital_67,hospital_33
user112@example.com,hospital_53,hospital_12,hospital_43,hospital_61
user113@example.com,hospital_56,hospital_69,hospital_66,hospital_58
user114@example.com,hospital_53,hospital_52,hospital_7,hospital_25
user115@example.com,hospital_60,hospital_36,hospital_40,hospital_0
user116@example.com,hospital_8,hospital_33,hospital_53,hospital_4
user117@example.com,hospital_32,hospital_42,hospital_13,hospital_16
user118@example.com,hospital_46,hospital_18,hospital_1,hospital_20
user119@example.com,hospital_57,hospital_50,hospital_41,hospital_22
user120@example.com,hospital_18,hospital_55,hospital_3,hospital_35
user121@example.com,hospital_47,hospital_12,hospital_49,hospital_9
user122@example.com,hospital_62,hospital_14,hospital_5,hospital_22
user123@example.com,hospital_6,hospital_16,hospital_55,hospital_50
user124@example.com,hospital_27,hospital_51,hospital_11,hospital_30
user125@example.com,hospital_42,hospital_17,hospital_27,hospital_62
user126@example.com,hospital_65,hospital_2,hospital_17,hospital_50
user127@example.com,hospital_14,hospital_42,hospital_43,hospital_49
user128@example.com,hospital_54,hospital_67,hospital_6,hospital_30
user129@example.com,hospital_18,hospital_19,hospital_29,hospital_48
user130@example.com,hospital_31,hospital_9,hospital_43,hospital_39
user131@example.com,hospital_52,hospital_53,hospital_5,hospital_16
user132@example.com,hospital_66,hospital_57,hospital_34,hospital_38
user133@example.com,hospital_22,hospital_12,hospital_18,hospital_10
user134@example.com,hospital_43,hospital_52,hospital_32,hospital_29
user135@example.com,hospital_44,hospital_14,hospital_51,hospital_62
user136@example.com,hospital_67,hospital_26,hospital_30,hospital_36
user137@example.com,hospital_40,hospital_23,hospital_7,hospital_55
user138@example.com,hospital_57,hospital_31,hospital_10,hospital_17
user139@example.com,hospital_42,hospital_56,hospital_31,hospital_52
user140@example.com,hospital_49,hospital_59,hospital_33,hospital_13
user141@example.com,hospital_20,hospital_34,hospital_42,hospital_59
user142@example.com,hospital_42,hospital_46,hospital_33,hospital_26
user143@example.com,hospital_47,hospital_30,hospital_64,hospital_41
user144@example.com,hospital_4,hospital_47,hospital_30,hospital_1
user145@example.com,hospital_26,hospital_43,hospital_6,hospital_13
user146@example.com,hospital_13,hospital_1,hospital_11,hospital_24
user147@example.com,hospital_53,hospital_50,hospital_14,hospital_38
user148@example.com,hospital_1,hospital_60,hospital_33,hospital_35
user149@example.com,hospital_19,hospital_66,hospital_12,hospital_46
user150@example.com,hospital_23,hospital_13,hospital_55,hospital_24
user151@example.com,hospital_20,hospital_44,hospital_18,hospital_19
user152@example.com,hospital_1,hospital_48,hospital_0,hospital_61
user153@example.com,hospital_57,hospital_2,hospital_55,hospital_69
user154@example.com,hospital_24,hospital_12,hospital_62,hospital_15
user155@example.com,hospital_40,hospital_43,hospital_69,hospital_41
user156@example.com,hospital_58,hospital_39,hospital_67,hospital_33
user157@example.com,hospital_39,hospital_29,hospital_61,hospital_63
user158@example.com,hospital_52,hospital_31,hospital_36,hospital_44
user159@example.com,hospital_7,hospital_60,hospital_37,hospital_11
user160@example.com,hospital_4,hospital_41,hospital_69,hospital_1
user161@example.com,hospital_66,hospital_58,hospital_65,hospital_62
user162@example.com,hospital_62,hospital_43,hospital_19,hospital_8
user163@example.com,hospital_51,hospital_1,hospital_18,hospital_53
user164@example.com,hospital_61,hospital_63,hospital_58,hospital_53
user165@example.com,hospital_63,hospital_68,hospital_21,hospital_0
user166@example.com,hospital_67,hospital_65,hospital_44,hospital_63
user167@example.com,hospital_49,hospital_36,hospital_52,hospital_47
user168@example.com,hospital_6,hospital_43,hospital_3,hospital_12
user169@example.com,hospital_32,hospital_14,hospital_6,hospital_39
user170@example.com,hospital_29,hospital_64,hospital_37,hospital_8
user171@example.com,hospital_16,hospital_37,hospital_43,hospital_19
user172@example.com,hospital_47,hospital_38,hospital_27,hospital_30
user173@example.com,hospital_39,hospital_11,hospital_14,hospital_10
user174@example.com,hospital_59,hospital_8,hospital_30,hospital_31
user175@example.com,hospital_5,hospital_9,hospital_32,hospital_49
user176@example.com,hospital_58,hospital_68,hospital_60,hospital_21
user177@example.com,hospital_38,hospital_27,hospital_29,hospital_57
user178@example.com,hospital_21,hospital_25,hospital_17,hospital_24
user179@example.com,hospital_39,hospital_4,hospital_34,hospital_14
user180@example.com,hospital_51,hospital_50,hospital_8,hospital_33
user181@example.com,hospital_33,hospital_20,hospital_64,hospital_5
user182@example.com,hospital_49,hospital_26,hospital_19,hospital_28
user183@example.com,hospital_3,hospital_27,hospital_57,hospital_13
user184@example.com,hospital_28,hospital_61,hospital_45,hospital_9
user185@example.com,hospital_60,hospital_57,hospital_32,hospital_64
user186@example.com,hospital_69,hospital_34,hospital_36,hospital_51
user187@example.com,hospital_16,hospital_8,hospital_7,hospital_48
user188@example.com,hospital_53,hospital_11,hospital_60,hospital_0
user189@example.com,hospital_60,hospital_54,hospital_29,hospital_32
user190@example.com,hospital_23,hospital_25,hospital_35,hospital_48
user191@example.com,hospital_39,hospital_27,hospital_67,hospital_4
user192@example.com,hospital_28,hospital_52,hospital_53,hospital_23
user193@example.com,hospital_8,hospital_62,hospital_49,hospital_21
user194@example.com,hospital_30,hospital_27,hospital_4,hospital_53
user195@example.com,hospital_30,hospital_32,hospital_42,hospital_15
user196@example.com,hospital_58,hospital_28,hospital_22,hospital_59
user197@example.com,hospital_59,hospital_54,hospital_24,hospital_17
user198@example.com,hospital_62,hospital_26,hospital_0,hospital_6
user199@example.com,hospital_62,hospital_55,hospital_61,hospital_9
user200@example.com,hospital_49,hospital_22,hospital_47,hospital_46
user201@example.com,hospital_55,hospital_43,hospital_39,hospital_15
user202@example.com,hospital_46,hospital_52,hospital_36,hospital_39
user203@example.com,hospital_32,hospital_49,hospital_16,hospital_47
user204@example.com,hospital_22,hospital_65,hospital_46,hospital_58
user205@example.com,hospital_4,hospital_13,hospital_31,hospital_53
user206@example.com,hospital_5,hospital_8,hospital_41,hospital_24
user207@example.com,hospital_50,hospital_28,hospital_15,hospital_53
user208@example.com,hospital_5,hospital_2,hospital_16,hospital_49
user209@example.com,hospital_53,hospital_52,hospital_44,hospital_15
user210@example.com,hospital_59,hospital_4,hospital_30,hospital_41
user211@example.com,hospital_17,hospital_7,hospital_29,hospital_63
user212@example.com,hospital_46,hospital_32,hospital_20,hospital_10
user213@example.com,hospital_3,hospital_58,hospital_39,hospital_43
user214@example.com,hospital_62,hospital_25,hospital_59,hospital_17
user215@example.com,hospital_10,hospital_30,hospital_1,hospital_42
user216@example.com,hospital_6,hospital_12,hospital_42,hospital_20
user217@example.com,hospital_67,hospital_30,hospital_11,hospital_47
user218@example.com,hospital_30,hospital_53,hospital_38,hospital_48
user219@example.com,hospital_4,hospital_68,hospital_49,hospital_1
user220@example.com,hospital_2,hospital_9,hospital_19,hospital_59
user221@example.com,hospital_41,hospital_64,hospital_33,hospital_49
user222@example.com,hospital_14,hospital_11,hospital_47,hospital_18
user223@example.com,hospital_47,hospital_30,hospital_41,hospital_22
user224@example.com,hospital_51,hospital_32,hospital_40,hospital_60
user225@example.com,hospital_21,hospital_45,hospital_25,hospital_4
user226@example.com,hospital_38,hospital_25,hospital_19,hospital_29
user227@example.com,hospital_8,hospital_69,hospital_61,hospital_48
user228@example.com,hospital_17,hospital_0,hospital_61,hospital_15
user229@example.com,hospital_59,hospital_51,hospital_25,hospital_33
user230@example.com,hospital_69,hospital_21,hospital_35,hospital_43
user231@example.com,hospital_14,hospital_7,hospital_13,hospital_11
user232@example.com,hospital_36,hospital_35,hospital_50,hospital_37
user233@example.com,hospital_9,hospital_41,hospital_49,hospital_61
user234@example.com,hospital_2,hospital_36,hospital_17,hospital_59
user235@example.com,hospital_19,hospital_38,hospital_64,hospital_52
user236@example.com,hospital_56,hospital_6,hospital_4,hospital_19
user237@example.com,hospital_9,hospital_68,hospital_32,hospital_23
user238@example.com,hospital_59,hospital_56,hospital_13,hospital_10
user239@example.com,hospital_23,hospital_37,hospital_68,hospital_6
user240@example.com,hospital_31,hospital_2,hospital_59,hospital_63
user241@example.com,hospital_30,hospital_36,hospital_41,hospital_65
user242@example.com,hospital_25,hospital_26,hospital_15,hospital_64
user243@example.com,hospital_12,hospital_18,hospital_63,hospital_27
user244@example.com,hospital_11,hospital_37,hospital_47,hospital_59
user245@example.com,hospital_62,hospital_43,hospital_42,hospital_0
user246@example.com,hospital_43,hospital_24,hospital_8,hospital_32
user247@example.com,hospital_5,hospital_62,hospital_19,hospital_67
user248@example.com,hospital_33,hospital_3,hospital_10,hospital_61
user249@example.com,hospital_17,hospital_51,hospital_48,hospital_60
user250@example.com,hospital_24,hospital_38,hospital_31,hospital_36
user251@example.com,hospital_65,hospital_16,hospital_30,hospital_64
user252@example.com,hospital_60,hospital_14,hospital_16,hospital_36
user253@example.com,hospital_66,hospital_54,hospital_19,hospital_5
user254@example.com,hospital_55,hospital_53,hospital_11,hospital_54
user255@example.com,hospital_45,hospital_22,hospital_37,hospital_59
user256@example.com,hospital_51,hospital_47,hospital_6,hospital_64
user257@example.com,hospital_35,hospital_18,hospital_57,hospital_40
user258@example.com,hospital_55,hospital_37,hospital_42,hospital_57
user259@example.com,hospital_9,hospital_63,hospital_6,hospital_46
user260@example.com,hospital_7,hospital_5,hospital_15,hospital_22
user261@example.com,hospital_30,hospital_45,hospital_4,hospital_23
user262@example.com,hospital_1,hospital_51,hospital_12,hospital_62
user263@example.com,hospital_30,hospital_45,hospital_61,hospital_1
user264@example.com,hospital_20,hospital_23,hospital_19,hospital_12
user265@example.com,hospital_61,hospital_8,hospital_0,hospital_30
user266@example.com,hospital_3,hospital_16,hospital_25,hospital_55
user267@example.com,hospital_0,hospital_45,hospital_35,hospital_47
user268@example.com,hospital_25,hospital_1,hospital_56,hospital_17
user269@example.com,hospital_10,hospital_51,hospital_69,hospital_25
user270@example.com,hospital_47,hospital_67,hospital_63,hospital_39
user271@example.com,hospital_37,hospital_4,hospital_20,hospital_19
user272@example.com,hospital_55,hospital_44,hospital_27,hospital_56
user273@example.com,hospital_13,hospital_40,hospital_15,hospital_0
user274@example.com,hospital_50,hospital_1,hospital_20,hospital_4
user275@example.com,hospital_67,hospital_51,hospital_26,hospital_9
user276@example.com,hospital_13,hospital_32,hospital_17,hospital_67
user277@example.com,hospital_37,hospital_1,hospital_23,hospital_8
user278@example.com,hospital_19,hospital_6,hospital_13,hospital_41
user279@example.com,hospital_28,hospital_17,hospital_38,hospital_57
user280@example.com,hospital_59,hospital_53,hospital_55,hospital_6
user281@example.com,hospital_24,hospital_65,hospital_42,hospital_15
user282@example.com,hospital_68,hospital_69,hospital_12,hospital_63
user283@example.com,hospital_1,hospital_57,hospital_18,hospital_45
user284@example.com,hospital_40,hospital_65,hospital_24,hospital_3
user285@example.com,hospital_52,hospital_51,hospital_64,hospital_32
user286@example.com,hospital_52,hospital_33,hospital_18,hospital_20
user287@example.com,hospital_45,hospital_28,hospital_24,hospital_15
user288@example.com,hospital_19,hospital_43,hospital_1,hospital_37
user289@example.com,hospital_26,hospital_63,hospital_23,hospital_34
user290@example.com,hospital_56,hospital_59,hospital_13,hospital_2
user291@example.com,hospital_39,hospital_58,hospital_29,hospital_44
user292@example.com,hospital_45,hospital_16,hospital_56,hospital_24
user293@example.com,hospital_28,hospital_15,hospital_54,hospital_24
user294@example.com,hospital_23,hospital_57,hospital_16,hospital_7
user295@example.com,hospital_63,hospital_19,hospital_17,hospital_22
user296@example.com,hospital_43,hospital_20,hospital_68,hospital_63
user297@example.com,hospital_15,hospital_60,hospital_47,hospital_48
user298@example.com,hospital_28,hospital_57,hospital_42,hospital_24
user299@example.com,hospital_62,hospital_22,hospital_17,hospital_15
user300@example.com,hospital_33,hospital_19,hospital_43,hospital_23
user301@example.com,hospital_37,hospital_53,hospital_35,hospital_61
user302@example.com,hospital_55,hospital_3,hospital_58,hospital_24
user303@example.com,hospital_57,hospital_69,hospital_20,hospital_58
user304@example.com,hospital_62,hospital_25,hospital_42,hospital_60
user305@example.com,hospital_14,hospital_12,hospital_41,hospital_16
user306@example.com,hospital_21,hospital_66,hospital_61,hospital_22
user307@example.com,hospital_41,hospital_49,hospital_7,hospital_55
user308@example.com,hospital_0,hospital_33,hospital_64,hospital_44
user309@example.com,hospital_29,hospital_47,hospital_17,hospital_52
user310@example.com,hospital_10,hospital_9,hospital_30,hospital_39
user311@example.com,hospital_18,hospital_36,hospital_15,hospital_51
user312@example.com,hospital_19,hospital_32,hospital_50,hospital_39
user313@example.com,hospital_35,hospital_9,hospital_7,hospital_6
user314@example.com,hospital_63,hospital_45,hospital_12,hospital_43
user315@example.com,hospital_37,hospital_60,hospital_27,hospital_5
user316@example.com,hospital_16,hospital_19,hospital_39,hospital_2
user317@example.com,hospital_11,hospital_31,hospital_51,hospital_24
user318@example.com,hospital_47,hospital_0,hospital_67,hospital_3
user319@example.com,hospital_12,hospital_47,hospital_51,hospital_8
user320@example.com,hospital_68,hospital_23,hospital_0,hospital_45
user321@example.com,hospital_31,hospital_41,hospital_57,hospital_8
user322@example.com,hospital_60,hospital_19,hospital_50,hospital_52
user323@example.com,hospital_20,hospital_11,hospital_49,hospital_48
user324@example.com,hospital_68,hospital_64,hospital_45,hospital_27
user325@example.com,hospital_53,hospital_57,hospital_50,hospital_51
user326@example.com,hospital_47,hospital_14,hospital_53,hospital_3
user327@example.com,hospital_9,hospital_5,hospital_12,hospital_54
user328@example.com,hospital_7,hospital_38,hospital_40,hospital_3
user329@example.com,hospital_23,hospital_21,hospital_46,hospital_27
user330@example.com,hospital_47,hospital_39,hospital_12,hospital_2
user331@example.com,hospital_26,hospital_38,hospital_69,hospital_5
user332@example.com,hospital_24,hospital_38,hospital_17,hospital_1
user333@example.com,hospital_4,hospital_28,hospital_37,hospital_9
user334@example.com,hospital_41,hospital_45,hospital_47,hospital_24
user335@example.com,hospital_29,hospital_41,hospital_40,hospital_27
user336@example.com,hospital_3,hospital_31,hospital_21,hospital_32
user337@example.com,hospital_64,hospital_24,hospital_3,hospital_4
user338@example.com,hospital_54,hospital_21,hospital_25,hospital_53
user339@example.com,hospital_29,hospital_31,hospital_36,hospital_6
user340@example.com,hospital_41,hospital_16,hospital_68,hospital_46
user341@example.com,hospital_10,hospital_19,hospital_33,hospital_34
user342@example.com,hospital_57,hospital_3,hospital_16,hospital_20
user343@example.com,hospital_26,hospital_65,hospital_63,hospital_35
user344@example.com,hospital_6,hospital_55,hospital_59,hospital_3
user345@example.com,hospital_60,hospital_51,hospital_29,hospital_9
user346@example.com,hospital_29,hospital_42,hospital_35,hospital_33
user347@example.com,hospital_56,hospital_34,hospital_9,hospital_4
user348@example.com,hospital_28,hospital_57,hospital_23,hospital_41
user349@example.com,hospital_44,hospital_66,hospital_11,hospital_52
user350@example.com,hospital_50,hospital_5,hospital_7,hospital_41
user351@example.com,hospital_30,hospital_22,hospital_19,hospital_34
user352@example.com,hospital_62,hospital_36,hospital_22,hospital_6
user353@example.com,hospital_20,hospital_27,hospital_51,hospital_30
user354@example.com,hospital_52,hospital_65,hospital_27,hospital_29
user355@example.com,hospital_46,hospital_47,hospital_29,hospital_15
user356@example.com,hospital_56,hospital_61,hospital_26,hospital_47
user357@example.com,hospital_38,hospital_54,hospital_15,hospital_46
user358@example.com,hospital_41,hospital_57,hospital_21,hospital_18
user359@example.com,hospital_5,hospital_6,hospital_13,hospital_52
user360@example.com,hospital_38,hospital_24,hospital_29,hospital_54
user361@example.com,hospital_20,hospital_53,hospital_51,hospital_3
user362@example.com,hospital_18,hospital_4,hospital_9,hospital_11
user363@example.com,hospital_21,hospital_38,hospital_54,hospital_15
user364@example.com,hospital_37,hospital_20,hospital_3,hospital_12
user365@example.com,hospital_8,hospital_3,hospital_62,hospital_9
user366@example.com,hospital_2,hospital_36,hospital_29,hospital_46
user367@example.com,hospital_1,hospital_65,hospital_51,hospital_63
user368@example.com,hospital_13,hospital_15,hospital_43,hospital_40
user369@example.com,hospital_61,hospital_8,hospital_27,hospital_53
user370@example.com,hospital_37,hospital_20,hospital_49,hospital_47
user371@example.com,hospital_66,hospital_8,hospital_59,hospital_6
user372@example.com,hospital_25,hospital_37,hospital_55,hospital_13
user373@example.com,hospital_54,hospital_34,hospital_53,hospital_60
user374@example.com,hospital_27,hospital_35,hospital_52,hospital_23
user375@example.com,hospital_0,hospital_28,hospital_33,hospital_13
user376@example.com,hospital_54,hospital_42,hospital_32,hospital_44
user377@example.com,hospital_28,hospital_67,hospital_42,hospital_62
user378@example.com,hospital_35,hospital_36,hospital_5,hospital_39
user379@example.com,hospital_5,hospital_28,hospital_2,hospital_41
user380@example.com,hospital_59,hospital_32,hospital_38,hospital_47
user381@example.com,hospital_44,hospital_41,hospital_5,hospital_16
user382@example.com,hospital_40,hospital_8,hospital_15,hospital_65
user383@example.com,hospital_59,hospital_41,hospital_57,hospital_5
user384@example.com,hospital_25,hospital_34,hospital_60,hospital_54
user385@example.com,hospital_65,hospital_60,hospital_22,hospital_44
user386@example.com,hospital_35,hospital_65,hospital_56,hospital_53
user387@example.com,hospital_68,hospital_30,hospital_36,hospital_33
user388@example.com,hospital_7,hospital_17,hospital_37,hospital_56
user389@example.com,hospital_42,hospital_6,hospital_0,hospital_48
user390@example.com,hospital_8,hospital_9,hospital_45,hospital_14
user391@example.com,hospital_69,hospital_39,hospital_0,hospital_59
user392@example.com,hospital_7,hospital_50,hospital_0,hospital_47
user393@example.com,hospital_26,hospital_29,hospital_69,hospital_17
user394@example.com,hospital_14,hospital_6,hospital_42,hospital_11
user395@example.com,hospital_67,hospital_69,hospital_5,hospital_35
user396@example.com,hospital_29,hospital_5,hospital_23,hospital_10
user397@example.com,hospital_53,hospital_44,hospital_17,hospital_39
user398@example.com,hospital_41,hospital_2,hospital_55,hospital_61
user399@example.com,hospital_13,hospital_41,hospital_6,hospital_56
user400@example.com,hospital_13,hospital_63,hospital_21,hospital_7
user401@example.com,hospital_27,hospital_63,hospital_53,hospital_40
user402@example.com,hospital_29,hospital_45,hospital_48,hospital_6
user403@example.com,hospital_37,hospital_5,hospital_42,hospital_39
user404@example.com,hospital_49,hospital_1,hospital_22,hospital_40
user405@example.com,hospital_12,hospital_32,hospital_10,hospital_60
user406@example.com,hospital_53,hospital_39,hospital_10,hospital_26
user407@example.com,hospital_65,hospital_56,hospital_37,hospital_1
user408@example.com,hospital_3,hospital_45,hospital_19,hospital_11
user409@example.com,hospital_26,hospital_0,hospital_6,hospital_20
user410@example.com,hospital_16,hospital_18,hospital_23,hospital_65
user411@example.com,hospital_66,hospital_51,hospital_7,hospital_68
user412@example.com,hospital_0,hospital_23,hospital_16,hospital_25
user413@example.com,hospital_68,hospital_60,hospital_43,hospital_39
user414@example.com,hospital_25,hospital_64,hospital_46,hospital_19
user415@example.com,hospital_38,hospital_58,hospital_37,hospital_50
user416@example.com,hospital_31,hospital_26,hospital_8,hospital_51
user417@example.com,hospital_52,hospital_43,hospital_4,hospital_29
user418@example.com,hospital_44,hospital_54,hospital_35,hospital_66
user419@example.com,hospital_6,hospital_66,hospital_40,hospital_18
user420@example.com,hospital_52,hospital_50,hospital_67,hospital_42
user421@example.com,hospital_19,hospital_13,hospital_1,hospital_61
user422@example.com,hospital_32,hospital_11,hospital_10,hospital_6
user423@example.com,hospital_32,hospital_13,hospital_9,hospital_12
user424@example.com,hospital_33,hospital_29,hospital_61,hospital_7
user425@example.com,hospital_50,hospital_61,hospital_58,hospital_65
user426@example.com,hospital_4,hospital_55,hospital_68,hospital_56
user427@example.com,hospital_10,hospital_69,hospital_8,hospital_56
user428@example.com,hospital_37,hospital_57,hospital_41,hospital_30
user429@example.com,hospital_59,hospital_15,hospital_2,hospital_45
user430@example.com,hospital_42,hospital_22,hospital_14,hospital_19
user431@example.com,hospital_54,hospital_52,hospital_33,hospital_19
user432@example.com,hospital_27,hospital_17,hospital_38,hospital_51
user433@example.com,hospital_55,hospital_13,hospital_17,hospital_25
user434@example.com,hospital_65,hospital_5,hospital_42,hospital_24
user435@example.com,hospital_30,hospital_63,hospital_65,hospital_64
user436@example.com,hospital_52,hospital_20,hospital_49,hospital_40
user437@example.com,hospital_21,hospital_17,hospital_41,hospital_64
user438@example.com,hospital_21,hospital_19,hospital_23,hospital_65
user439@example.com,hospital_69,hospital_20,hospital_18,hospital_7
user440@example.com,hospital_48,hospital_63,hospital_49,hospital_19
user441@example.com,hospital_9,hospital_37,hospital_41,hospital_12
user442@example.com,hospital_3,hospital_60,hospital_32,hospital_42
user443@example.com,hospital_2,hospital_11,hospital_24,hospital_3
user444@example.com,hospital_64,hospital_60,hospital_14,hospital_33
user445@example.com,hospital_7,hospital_28,hospital_33,hospital_62
user446@example.com,hospital_12,hospital_13,hospital_33,hospital_0
user447@example.com,hospital_59,hospital_7,hospital_54,hospital_2
user448@example.com,hospital_44,hospital_35,hospital_33,hospital_20
user449@example.com,hospital_4,hospital_55,hospital_68,hospital_61
user450@example.com,hospital_60,hospital_64,hospital_52,hospital_59
user451@example.com,hospital_49,hospital_10,hospital_27,hospital_21
user452@example.com,hospital_17,hospital_50,hospital_20,hospital_8
user453@example.com,hospital_11,hospital_54,hospital_27,hospital_65
user454@example.com,hospital_25,hospital_12,hospital_60,hospital_21
user455@example.com,hospital_44,hospital_47,hospital_52,hospital_8
user456@example.com,hospital_7,hospital_68,hospital_1,hospital_48
user457@example.com,hospital_36,hospital_28,hospital_53,hospital_51
user458@example.com,hospital_40,hospital_0,hospital_50,hospital_67
user459@example.com,hospital_69,hospital_52,hospital_42,hospital_19
user460@example.com,hospital_30,hospital_19,hospital_37,hospital_0
user461@example.com,hospital_13,hospital_6,hospital_15,hospital_4
user462@example.com,hospital_43,hospital_5,hospital_59,hospital_20
user463@example.com,hospital_28,hospital_19,hospital_6,hospital_25
user464@example.com,hospital_4,hospital_28,hospital_45,hospital_38
user465@example.com,hospital_25,hospital_40,hospital_18,hospital_53
user466@example.com,hospital_26,hospital_54,hospital_37,hospital_8
user467@example.com,hospital_18,hospital_26,hospital_58,hospital_0
user468@example.com,hospital_30,hospital_18,hospital_16,hospital_53
user469@example.com,hospital_29,hospital_57,hospital_19,hospital_30
user470@example.com,hospital_9,hospital_58,hospital_7,hospital_25
user471@example.com,hospital_40,hospital_46,hospital_2,hospital_44
user472@example.com,hospital_11,hospital_28,hospital_47,hospital_7
user473@example.com,hospital_19,hospital_49,hospital_16,hospital_4
user474@example.com,hospital_60,hospital_30,hospital_40,hospital_35
user475@example.com,hospital_26,hospital_3,hospital_36,hospital_14
user476@example.com,hospital_35,hospital_39,hospital_26,hospital_58
user477@example.com,hospital_65,hospital_62,hospital_16,hospital_3
user478@example.com,hospital_11,hospital_45,hospital_64,hospital_17
user479@example.com,hospital_33,hospital_36,hospital_50,hospital_43
user480@example.com,hospital_46,hospital_53,hospital_34,hospital_22
user481@example.com,hospital_50,hospital_12,hospital_49,hospital_67
user482@example.com,hospital_17,hospital_37,hospital_14,hospital_55
user483@example.com,hospital_69,hospital_29,hospital_61,hospital_25
user484@example.com,hospital_4,hospital_52,hospital_69,hospital_18
user485@example.com,hospital_25,hospital_29,hospital_32,hospital_19
user486@example.com,hospital_16,hospital_8,hospital_31,hospital_2
user487@example.com,hospital_55,hospital_13,hospital_49,hospital_40
user488@example.com,hospital_46,hospital_36,hospital_62,hospital_30
user489@example.com,hospital_0,hospital_7,hospital_44,hospital_25
user490@example.com,hospital_21,hospital_67,hospital_33,hospital_41
user491@example.com,hospital_9,hospital_35,hospital_34,hospital_29
user492@example.com,hospital_42,hospital_10,hospital_16,hospital_20
user493@example.com,hospital_63,hospital_12,hospital_31,hospital_53
user494@example.com,hospital_29,hospital_68,hospital_53,hospital_45
user495@example.com,hospital_45,hospital_44,hospital_2,hospital_66
user496@example.com,hospital_53,hospital_2,hospital_15,hospital_25
user497@example.com,hospital_16,hospital_21,hospital_12,hospital_48
user498@example.com,hospital_58,hospital_69,hospital_60,hospital_6
user499@example.com,hospital_61,hospital_26,hospital_23,hospital_9
user500@example.com,hospital_24,hospital_52,hospital_63,hospital_28
user501@example.com,hospital_61,hospital_22,hospital_4,hospital_50
user502@example.com,hospital_0,hospital_47,hospital_31,hospital_41
user503@example.com,hospital_31,hospital_54,hospital_67,hospital_13
user504@example.com,hospital_5,hospital_18,hospital_52,hospital_35
user505@example.com,hospital_63,hospital_3,hospital_60,hospital_11
user506@example.com,hospital_43,hospital_18,hospital_0,hospital_22
user507@example.com,hospital_63,hospital_45,hospital_31,hospital_64
user508@example.com,hospital_63,hospital_9,hospital_69,hospital_10
user509@example.com,hospital_26,hospital_13,hospital_62,hospital_40
user510@example.com,hospital_19,hospital_11,hospital_16,hospital_57
user511@example.com,hospital_15,hospital_59,hospital_25,hospital_24
user512@example.com,hospital_29,hospital_66,hospital_4,hospital_11
user513@example.com,hospital_42,hospital_52,hospital_8,hospital_37
user514@example.com,hospital_1,hospital_6,hospital_32,hospital_34
user515@example.com,hospital_4,hospital_5,hospital_45,hospital_0
user516@example.com,hospital_34,hospital_51,hospital_1,hospital_47
user517@example.com,hospital_34,hospital_16,hospital_30,hospital_7
user518@example.com,hospital_51,hospital_58,hospital_3,hospital_5
user519@example.com,hospital_59,hospital_21,hospital_39,hospital_66
user520@example.com,hospital_44,hospital_17,hospital_30,hospital_6
user521@example.com,hospital_6,hospital_65,hospital_38,hospital_30
user522@example.com,hospital_43,hospital_16,hospital_23,hospital_3
user523@example.com,hospital_18,hospital_34,hospital_68,hospital_31
user524@example.com,hospital_49,hospital_5,hospital_43,hospital_68
user525@example.com,hospital_62,hospital_66,hospital_48,hospital_9
user526@example.com,hospital_40,hospital_62,hospital_64,hospital_20
user527@example.com,hospital_60,hospital_22,hospital_59,hospital_47
user528@example.com,hospital_2,hospital_25,hospital_20,hospital_30
user529@example.com,hospital_48,hospital_35,hospital_60,hospital_59
user530@example.com,hospital_52,hospital_9,hospital_64,hospital_10
user531@example.com,hospital_49,hospital_9,hospital_46,hospital_33
user532@example.com,hospital_18,hospital_2,hospital_40,hospital_12
user533@example.com,hospital_29,hospital_42,hospital_22,hospital_33
user534@example.com,hospital_65,hospital_43,hospital_32,hospital_7
user535@example.com,hospital_42,hospital_2,hospital_19,hospital_68
user536@example.com,hospital_28,hospital_45,hospital_27,hospital_5
user537@example.com,hospital_10,hospital_6,hospital_31,hospital_52
user538@example.com,hospital_64,hospital_43,hospital_33,hospital_20
user539@example.com,hospital_17,hospital_50,hospital_53,hospital_58
user540@example.com,hospital_66,hospital_31,hospital_8,hospital_1
user541@example.com,hospital_36,hospital_41,hospital_50,hospital_7
user542@example.com,hospital_38,hospital_34,hospital_8,hospital_5
user543@example.com,hospital_27,hospital_52,hospital_30,hospital_35
user544@example.com,hospital_39,hospital_67,hospital_27,hospital_15
user545@example.com,hospital_39,hospital_12,hospital_58,hospital_33
user546@example.com,hospital_46,hospital_18,hospital_61,hospital_57
user547@example.com,hospital_36,hospital_19,hospital_64,hospital_3
user548@example.com,hospital_28,hospital_4,hospital_2,hospital_42
user549@example.com,hospital_46,hospital_16,hospital_50,hospital_36
user550@example.com,hospital_40,hospital_31,hospital_23,hospital_38
user551@example.com,hospital_25,hospital_15,hospital_67,hospital_45
user552@example.com,hospital_45,hospital_8,hospital_4,hospital_10
user553@example.com,hospital_32,hospital_20,hospital_60,hospital_59
user554@example.com,hospital_54,hospital_39,hospital_63,hospital_6
user555@example.com,hospital_4,hospital_17,hospital_11,hospital_28
user556@example.com,hospital_45,hospital_2,hospital_6,hospital_62
user557@example.com,hospital_56,hospital_10,hospital_7,hospital_44
user558@example.com,hospital_22,hospital_21,hospital_18,hospital_65
user559@example.com,hospital_16,hospital_69,hospital_12,hospital_13
user560@example.com,hospital_22,hospital_53,hospital_69,hospital_12
user561@example.com,hospital_42,hospital_35,hospital_52,hospital_16
user562@example.com,hospital_31,hospital_3,hospital_23,hospital_32
user563@example.com,hospital_49,hospital_16,hospital_23,hospital_68
user564@example.com,hospital_9,hospital_39,hospital_58,hospital_48
user565@example.com,hospital_29,hospital_17,hospital_2,hospital_42
user566@example.com,hospital_65,hospital_55,hospital_4,hospital_29
user567@example.com,hospital_39,hospital_48,hospital_64,hospital_66
user568@example.com,hospital_28,hospital_16,hospital_2,hospital_3
user569@example.com,hospital_0,hospital_47,hospital_37,hospital_49
user570@example.com,hospital_55,hospital_29,hospital_37,hospital_19
user571@example.com,hospital_4,hospital_1,hospital_40,hospital_25
user572@example.com,hospital_50,hospital_59,hospital_69,hospital_65
user573@example.com,hospital_6,hospital_7,hospital_11,hospital_66
user574@example.com,hospital_17,hospital_7,hospital_35,hospital_18
user575@example.com,hospital_38,hospital_10,hospital_9,hospital_28
user576@example.com,hospital_64,hospital_38,hospital_17,hospital_2
user577@example.com,hospital_2,hospital_65,hospital_47,hospital_58
user578@example.com,hospital_30,hospital_0,hospital_14,hospital_57
user579@example.com,hospital_55,hospital_17,hospital_61,hospital_58
user580@example.com,hospital_24,hospital_6,hospital_2,hospital_25
user581@example.com,hospital_35,hospital_42,hospital_60,hospital_30
user582@example.com,hospital_24,hospital_10,hospital_12,hospital_50
user583@example.com,hospital_55,hospital_51,hospital_32,hospital_4
user584@example.com,hospital_38,hospital_37,hospital_48,hospital_45
user585@example.com,hospital_6,hospital_47,hospital_62,hospital_28
user586@example.com,hospital_59,hospital_23,hospital_31,hospital_21
user587@example.com,hospital_16,hospital_14,hospital_26,hospital_45
user588@example.com,hospital_43,hospital_49,hospital_59,hospital_33
user589@example.com,hospital_60,hospital_8,hospital_53,hospital_46
user590@example.com,hospital_62,hospital_58,hospital_26,hospital_33
user591@example.com,hospital_32,hospital_4,hospital_3,hospital_33
user592@example.com,hospital_52,hospital_1,hospital_47,hospital_31
user593@example.com,hospital_24,hospital_44,hospital_15,hospital_55
user594@example.com,hospital_62,hospital_58,hospital_34,hospital_29
user595@example.com,hospital_55,hospital_35,hospital_5,hospital_30
user596@example.com,hospital_60,hospital_35,hospital_10,hospital_62
user597@example.com,hospital_47,hospital_36,hospital_26,hospital_19
user598@example.com,hospital_43,hospital_30,hospital_46,hospital_65
user599@example.com,hospital_18,hospital_68,hospital_56,hospital_59
user600@example.com,hospital_27,hospital_69,hospital_7,hospital_19
user601@example.com,hospital_3,hospital_40,hospital_6,hospital_5
user602@example.com,hospital_47,hospital_39,hospital_69,hospital_11
user603@example.com,hospital_19,hospital_44,hospital_52,hospital_35
user604@example.com,hospital_59,hospital_7,hospital_58,hospital_63
user605@example.com,hospital_50,hospital_15,hospital_18,hospital_40
user606@example.com,hospital_10,hospital_34,hospital_46,hospital_56
user607@example.com,hospital_9,hospital_49,hospital_11,hospital_20
user608@example.com,hospital_50,hospital_11,hospital_56,hospital_5
user609@example.com,hospital_52,hospital_13,hospital_8,hospital_6
user610@example.com,hospital_5,hospital_68,hospital_58,hospital_10
user611@example.com,hospital_24,hospital_43,hospital_15,hospital_60
user612@example.com,hospital_57,hospital_51,hospital_19,hospital_10
user613@example.com,hospital_61,hospital_12,hospital_5,hospital_34
user614@example.com,hospital_12,hospital_31,hospital_56,hospital_22
user615@example.com,hospital_3,hospital_47,hospital_63,hospital_8
user616@example.com,hospital_60,hospital_68,hospital_21,hospital_64
user617@example.com,hospital_41,hospital_59,hospital_42,hospital_24
user618@example.com,hospital_69,hospital_64,hospital_46,hospital_59
user619@example.com,hospital_48,hospital_31,hospital_65,hospital_47
user620@example.com,hospital_20,hospital_18,hospital_65,hospital_64
user621@example.com,hospital_32,hospital_24,hospital_64,hospital_39
user622@example.com,hospital_18,hospital_23,hospital_24,hospital_14
user623@example.com,hospital_68,hospital_19,hospital_65,hospital_50
user624@example.com,hospital_26,hospital_64,hospital_66,hospital_59
user625@example.com,hospital_59,hospital_46,hospital_55,hospital_25
user626@example.com,hospital_40,hospital_41,hospital_48,hospital_16
user627@example.com,hospital_34,hospital_42,hospital_39,hospital_64
user628@example.com,hospital_36,hospital_7,hospital_66,hospital_11
user629@example.com,hospital_42,hospital_64,hospital_18,hospital_56
user630@example.com,hospital_5,hospital_24,hospital_63,hospital_66
user631@example.com,hospital_38,hospital_48,hospital_24,hospital_31
user632@example.com,hospital_58,hospital_15,hospital_53,hospital_12
user633@example.com,hospital_22,hospital_30,hospital_50,hospital_27
user634@example.com,hospital_50,hospital_14,hospital_25,hospital_27
user635@example.com,hospital_64,hospital_8,hospital_46,hospital_15
user636@example.com,hospital_67,hospital_49,hospital_63,hospital_55
user637@example.com,hospital_20,hospital_29,hospital_55,hospital_25
user638@example.com,hospital_20,hospital_10,hospital_1,hospital_8
user639@example.com,hospital_23,hospital_30,hospital_11,hospital_25
user640@example.com,hospital_4,hospital_58,hospital_42,hospital_67
user641@example.com,hospital_57,hospital_49,hospital_64,hospital_30
user642@example.com,hospital_38,hospital_64,hospital_66,hospital_29
user643@example.com,hospital_16,hospital_26,hospital_47,hospital_17
user644@example.com,hospital_25,hospital_6,hospital_68,hospital_36
user645@example.com,hospital_65,hospital_48,hospital_28,hospital_40
user646@example.com,hospital_21,hospital_45,hospital_13,hospital_54
user647@example.com,hospital_32,hospital_60,hospital_1,hospital_3
user648@example.com,hospital_25,hospital_44,hospital_53,hospital_6
user649@example.com,hospital_49,hospital_53,hospital_27,hospital_67
user650@example.com,hospital_23,hospital_3,hospital_7,hospital_34
user651@example.com,hospital_33,hospital_51,hospital_68,hospital_54
user652@example.com,hospital_3,hospital_10,hospital_32,hospital_25
user653@example.com,hospital_55,hospital_38,hospital_32,hospital_36
user654@example.com,hospital_23,hospital_65,hospital_28,hospital_11
user655@example.com,hospital_15,hospital_16,hospital_59,hospital_44
user656@example.com,hospital_46,hospital_63,hospital_22,hospital_39
user657@example.com,hospital_52,hospital_23,hospital_25,hospital_17
user658@example.com,hospital_27,hospital_39,hospital_51,hospital_52
user659@example.com,hospital_33,hospital_40,hospital_56,hospital_32
user660@example.com,hospital_23,hospital_14,hospital_68,hospital_60
user661@example.com,hospital_58,hospital_59,hospital_24,hospital_29
user662@example.com,hospital_0,hospital_53,hospital_47,hospital_58
user663@example.com,hospital_3,hospital_36,hospital_47,hospital_67
user664@example.com,hospital_48,hospital_42,hospital_4,hospital_31
user665@example.com,hospital_58,hospital_44,hospital_9,hospital_19
user666@example.com,hospital_0,hospital_27,hospital_23,hospital_24
user667@example.com,hospital_48,hospital_18,hospital_66,hospital_54
user668@example.com,hospital_30,hospital_28,hospital_68,hospital_40
user669@example.com,hospital_18,hospital_45,hospital_58,hospital_14
user670@example.com,hospital_34,hospital_12,hospital_31,hospital_60
user671@example.com,hospital_55,hospital_56,hospital_41,hospital_21
user672@example.com,hospital_38,hospital_5,hospital_49,hospital_43
user673@example.com,hospital_66,hospital_19,hospital_43,hospital_18
user674@example.com,hospital_15,hospital_58,hospital_12,hospital_17
user675@example.com,hospital_17,hospital_1,hospital_48,hospital_28
user676@example.com,hospital_30,hospital_23,hospital_60,hospital_14
user677@example.com,hospital_23,hospital_27,hospital_24,hospital_20
user678@example.com,hospital_9,hospital_54,hospital_8,hospital_2
user679@example.com,hospital_42,hospital_1,hospital_59,hospital_22
user680@example.com,hospital_28,hospital_29,hospital_37,hospital_21
user681@example.com,hospital_66,hospital_3,hospital_37,hospital_51
user682@example.com,hospital_36,hospital_61,hospital_31,hospital_49
user683@example.com,hospital_43,hospital_67,hospital_34,hospital_36
user684@example.com,hospital_20,hospital_66,hospital_6,hospital_8
user685@example.com,hospital_12,hospital_5,hospital_51,hospital_0
user686@example.com,hospital_30,hospital_51,hospital_53,hospital_64
user687@example.com,hospital_21,hospital_33,hospital_51,hospital_2
user688@example.com,hospital_56,hospital_52,hospital_27,hospital_19
user689@example.com,hospital_3,hospital_11,hospital_31,hospital_66
user690@example.com,hospital_31,hospital_26,hospital_1,hospital_69
user691@example.com,hospital_52,hospital_68,hospital_21,hospital_44
user692@example.com,hospital_69,hospital_6,hospital_32,hospital_31
user693@example.com,hospital_15,hospital_3,hospital_5,hospital_35
user694@example.com,hospital_62,hospital_27,hospital_48,hospital_51
user695@example.com,hospital_38,hospital_52,hospital_25,hospital_49
user696@example.com,hospital_22,hospital_43,hospital_7,hospital_52
user697@example.com,hospital_65,hospital_3,hospital_67,hospital_49
user698@example.com,hospital_54,hospital_17,hospital_9,hospital_0
user699@example.com,hospital_41,hospital_51,hospital_26,hospital_8
user700@example.com,hospital_49,hospital_47,hospital_46,hospital_2
user701@example.com,hospital_13,hospital_0,hospital_11,hospital_61
user702@example.com,hospital_69,hospital_58,hospital_42,hospital_37
user703@example.com,hospital_46,hospital_57,hospital_26,hospital_14
user704@example.com,hospital_36,hospital_23,hospital_45,hospital_51
user705@example.com,hospital_56,hospital_45,hospital_24,hospital_43
user706@example.com,hospital_1,hospital_21,hospital_3,hospital_50
user707@example.com,hospital_32,hospital_41,hospital_40,hospital_6
user708@example.com,hospital_34,hospital_17,hospital_10,hospital_31
user709@example.com,hospital_61,hospital_21,hospital_4,hospital_59
user710@example.com,hospital_1,hospital_12,hospital_39,hospital_43
user711@example.com,hospital_24,hospital_25,hospital_12,hospital_9
user712@example.com,hospital_9,hospital_11,hospital_22,hospital_24
user713@example.com,hospital_47,hospital_16,hospital_64,hospital_23
user714@example.com,hospital_39,hospital_46,hospital_6,hospital_45
user715@example.com,hospital_37,hospital_42,hospital_4,hospital_34
user716@example.com,hospital_25,hospital_0,hospital_46,hospital_51
user717@example.com,hospital_41,hospital_2,hospital_35,hospital_43
user718@example.com,hospital_3,hospital_53,hospital_39,hospital_37
user719@example.com,hospital_60,hospital_1,hospital_37,hospital_17
user720@example.com,hospital_58,hospital_39,hospital_31,hospital_51
user721@example.com,hospital_53,hospital_35,hospital_67,hospital_69
user722@example.com,hospital_61,hospital_18,hospital_34,hospital_69
user723@example.com,hospital_6,hospital_31,hospital_52,hospital_7
user724@example.com,hospital_0,hospital_57,hospital_20,hospital_42
user725@example.com,hospital_27,hospital_50,hospital_13,hospital_20
user726@example.com,hospital_23,hospital_55,hospital_38,hospital_18
user727@example.com,hospital_69,hospital_13,hospital_17,hospital_34
user728@example.com,hospital_16,hospital_7,hospital_8,hospital_50
user729@example.com,hospital_43,hospital_37,hospital_27,hospital_67
user730@example.com,hospital_39,hospital_48,hospital_34,hospital_69
user731@example.com,hospital_4,hospital_27,hospital_23,hospital_11
user732@example.com,hospital_47,hospital_14,hospital_63,hospital_56
user733@example.com,hospital_52,hospital_0,hospital_5,hospital_25
user734@example.com,hospital_13,hospital_50,hospital_40,hospital_42
user735@example.com,hospital_26,hospital_56,hospital_67,hospital_34
user736@example.com,hospital_61,hospital_53,hospital_63,hospital_56
user737@example.com,hospital_20,hospital_41,hospital_46,hospital_49
user738@example.com,hospital_19,hospital_12,hospital_8,hospital_13
user739@example.com,hospital_4,hospital_36,hospital_52,hospital_64
user740@example.com,hospital_51,hospital_45,hospital_25,hospital_24
user741@example.com,hospital_57,hospital_54,hospital_61,hospital_38
user742@example.com,hospital_8,hospital_63,hospital_52,hospital_68
user743@example.com,hospital_69,hospital_8,hospital_62,hospital_40
user744@example.com,hospital_45,hospital_27,hospital_11,hospital_14
user745@example.com,hospital_27,hospital_34,hospital_13,hospital_49
user746@example.com,hospital_20,hospital_55,hospital_40,hospital_60
user747@example.com,hospital_25,hospital_60,hospital_37,hospital_57
user748@example.com,hospital_12,hospital_1,hospital_9,hospital_17
user749@example.com,hospital_45,hospital_48,hospital_28,hospital_3
user750@example.com,hospital_29,hospital_59,hospital_56,hospital_62
user751@example.com,hospital_69,hospital_22,hospital_36,hospital_38
user752@example.com,hospital_9,hospital_59,hospital_22,hospital_56
user753@example.com,hospital_14,hospital_45,hospital_41,hospital_36
user754@example.com,hospital_59,hospital_49,hospital_54,hospital_13
user755@example.com,hospital_12,hospital_41,hospital_32,hospital_58
user756@example.com,hospital_4,hospital_11,hospital_41,hospital_65
user757@example.com,hospital_6,hospital_14,hospital_37,hospital_30
user758@example.com,hospital_7,hospital_53,hospital_51,hospital_24
user759@example.com,hospital_11,hospital_65,hospital_20,hospital_29
user760@example.com,hospital_21,hospital_29,hospital_57,hospital_45
user761@example.com,hospital_32,hospital_64,hospital_46,hospital_30
user762@example.com,hospital_19,hospital_29,hospital_6,hospital_24
user763@example.com,hospital_4,hospital_18,hospital_44,hospital_9
user764@example.com,hospital_42,hospital_0,hospital_48,hospital_26
user765@example.com,hospital_60,hospital_46,hospital_7,hospital_42
user766@example.com,hospital_16,hospital_58,hospital_36,hospital_57
user767@example.com,hospital_56,hospital_3,hospital_39,hospital_7
user768@example.com,hospital_3,hospital_35,hospital_16,hospital_56
user769@example.com,hospital_54,hospital_5,hospital_25,hospital_57
user770@example.com,hospital_39,hospital_60,hospital_17,hospital_55
user771@example.com,hospital_52,hospital_41,hospital_51,hospital_46
user772@example.com,hospital_9,hospital_54,hospital_62,hospital_64
user773@example.com,hospital_62,hospital_27,hospital_12,hospital_34
user774@example.com,hospital_6,hospital_8,hospital_7,hospital_5
user775@example.com,hospital_2,hospital_23,hospital_0,hospital_26
user776@example.com,hospital_29,hospital_9,hospital_23,hospital_37
user777@example.com,hospital_11,hospital_51,hospital_44,hospital_41
user778@example.com,hospital_27,hospital_15,hospital_23,hospital_24
user779@example.com,hospital_42,hospital_14,hospital_6,hospital_22
user780@example.com,hospital_46,hospital_38,hospital_63,hospital_49
user781@example.com,hospital_14,hospital_15,hospital_9,hospital_7
user782@example.com,hospital_58,hospital_59,hospital_15,hospital_1
user783@example.com,hospital_8,hospital_66,hospital_50,hospital_30
user784@example.com,hospital_27,hospital_35,hospital_22,hospital_61
user785@example.com,hospital_2,hospital_27,hospital_23,hospital_46
user786@example.com,hospital_22,hospital_65,hospital_0,hospital_3
user787@example.com,hospital_7,hospital_35,hospital_69,hospital_62
user788@example.com,hospital_37,hospital_54,hospital_20,hospital_53
user789@example.com,hospital_19,hospital_13,hospital_68,hospital_8
user790@example.com,hospital_60,hospital_43,hospital_59,hospital_37
user791@example.com,hospital_63,hospital_46,hospital_15,hospital_51
user792@example.com,hospital_51,hospital_16,hospital_21,hospital_56
user793@example.com,hospital_24,hospital_9,hospital_25,hospital_36
user794@example.com,hospital_34,hospital_5,hospital_40,hospital_66
user795@example.com,hospital_34,hospital_45,hospital_55,hospital_0
user796@example.com,hospital_68,hospital_43,hospital_35,hospital_41
user797@example.com,hospital_63,hospital_33,hospital_34,hospital_35
user798@example.com,hospital_64,hospital_3,hospital_55,hospital_2
user799@example.com,hospital_26,hospital_28,hospital_58,hospital_29
user800@example.com,hospital_39,hospital_10,hospital_17,hospital_22
user801@example.com,hospital_44,hospital_38,hospital_9,hospital_0
user802@example.com,hospital_43,hospital_0,hospital_41,hospital_21
user803@example.com,hospital_7,hospital_37,hospital_69,hospital_49
user804@example.com,hospital_50,hospital_66,hospital_45,hospital_41
user805@example.com,hospital_37,hospital_7,hospital_67,hospital_1
user806@example.com,hospital_52,hospital_27,hospital_40,hospital_42
user807@example.com,hospital_45,hospital_66,hospital_49,hospital_54
user808@example.com,hospital_10,hospital_4,hospital_30,hospital_57
user809@example.com,hospital_24,hospital_61,hospital_25,hospital_48
user810@example.com,hospital_5,hospital_36,hospital_18,hospital_54
user811@example.com,hospital_27,hospital_38,hospital_24,hospital_55
user812@example.com,hospital_36,hospital_10,hospital_14,hospital_65
user813@example.com,hospital_0,hospital_21,hospital_14,hospital_3
user814@example.com,hospital_52,hospital_28,hospital_32,hospital_50
user815@example.com,hospital_64,hospital_41,hospital_3,hospital_34
user816@example.com,hospital_7,hospital_3,hospital_64,hospital_39
user817@example.com,hospital_5,hospital_13,hospital_28,hospital_0
user818@example.com,hospital_53,hospital_35,hospital_26,hospital_67
user819@example.com,hospital_1,hospital_3,hospital_57,hospital_45
user820@example.com,hospital_25,hospital_58,hospital_54,hospital_43
user821@example.com,hospital_63,hospital_53,hospital_41,hospital_38
user822@example.com,hospital_3,hospital_69,hospital_20,hospital_35
user823@example.com,hospital_40,hospital_39,hospital_57,hospital_38
user824@example.com,hospital_31,hospital_64,hospital_48,hospital_16
user825@example.com,hospital_50,hospital_14,hospital_30,hospital_54
user826@example.com,hospital_2,hospital_39,hospital_60,hospital_5
user827@example.com,hospital_42,hospital_26,hospital_7,hospital_49
user828@example.com,hospital_15,hospital_17,hospital_0,hospital_2
user829@example.com,hospital_27,hospital_61,hospital_34,hospital_42
user830@example.com,hospital_44,hospital_65,hospital_39,hospital_49
user831@example.com,hospital_60,hospital_19,hospital_40,hospital_42
user832@example.com,hospital_34,hospital_9,hospital_1,hospital_41
user833@example.com,hospital_39,hospital_60,hospital_38,hospital_21
user834@example.com,hospital_25,hospital_23,hospital_46,hospital_30
user835@example.com,hospital_28,hospital_15,hospital_3,hospital_35
user836@example.com,hospital_0,hospital_66,hospital_44,hospital_15
user837@example.com,hospital_64,hospital_44,hospital_30,hospital_42
user838@example.com,hospital_9,hospital_65,hospital_42,hospital_31
user839@example.com,hospital_31,hospital_47,hospital_9,hospital_63
user840@example.com,hospital_46,hospital_3,hospital_28,hospital_20
user841@example.com,hospital_62,hospital_0,hospital_60,hospital_4
user842@example.com,hospital_20,hospital_47,hospital_0,hospital_41
user843@example.com,hospital_50,hospital_55,hospital_66,hospital_29
user844@example.com,hospital_33,hospital_34,hospital_51,hospital_41
user845@example.com,hospital_62,hospital_26,hospital_52,hospital_38
user846@example.com,hospital_12,hospital_56,hospital_11,hospital_13
user847@example.com,hospital_21,hospital_4,hospital_53,hospital_57
user848@example.com,hospital_56,hospital_20,hospital_2,hospital_10
user849@example.com,hospital_60,hospital_22,hospital_25,hospital_65
user850@example.com,hospital_5,hospital_38,hospital_7,hospital_49
user851@example.com,hospital_31,hospital_27,hospital_14,hospital_20
user852@example.com,hospital_50,hospital_57,hospital_56,hospital_38
user853@example.com,hospital_57,hospital_58,hospital_65,hospital_20
user854@example.com,hospital_30,hospital_2,hospital_3,hospital_8
user855@example.com,hospital_27,hospital_43,hospital_24,hospital_21
user856@example.com,hospital_60,hospital_19,hospital_68,hospital_25
user857@example.com,hospital_53,hospital_15,hospital_20,hospital_39
user858@example.com,hospital_49,hospital_14,hospital_52,hospital_32
user859@example.com,hospital_59,hospital_35,hospital_0,hospital_33
user860@example.com,hospital_22,hospital_37,hospital_61,hospital_45
user861@example.com,hospital_0,hospital_55,hospital_63,hospital_69
user862@example.com,hospital_52,hospital_15,hospital_40,hospital_55
user863@example.com,hospital_3,hospital_66,hospital_59,hospital_51
user864@example.com,hospital_37,hospital_66,hospital_62,hospital_40
user865@example.com,hospital_65,hospital_40,hospital_8,hospital_38
user866@example.com,hospital_54,hospital_20,hospital_66,hospital_24
user867@example.com,hospital_24,hospital_63,hospital_64,hospital_30
user868@example.com,hospital_41,hospital_1,hospital_0,hospital_20
user869@example.com,hospital_49,hospital_6,hospital_0,hospital_52
user870@example.com,hospital_53,hospital_5,hospital_64,hospital_13
user871@example.com,hospital_43,hospital_64,hospital_42,hospital_46
user872@example.com,hospital_24,hospital_53,hospital_48,hospital_3
user873@example.com,hospital_45,hospital_21,hospital_28,hospital_50
user874@example.com,hospital_40,hospital_11,hospital_53,hospital_22
user875@example.com,hospital_12,hospital_11,hospital_6,hospital_59
user876@example.com,hospital_26,hospital_53,hospital_33,hospital_13
user877@example.com,hospital_55,hospital_20,hospital_21,hospital_26
user878@example.com,hospital_54,hospital_18,hospital_24,hospital_39
user879@example.com,hospital_17,hospital_62,hospital_46,hospital_25
user880@example.com,hospital_42,hospital_21,hospital_19,hospital_26
user881@example.com,hospital_30,hospital_13,hospital_51,hospital_12
user882@example.com,hospital_2,hospital_68,hospital_25,hospital_4
user883@example.com,hospital_67,hospital_61,hospital_33,hospital_63
user884@example.com,hospital_61,hospital_3,hospital_37,hospital_11
user885@example.com,hospital_8,hospital_36,hospital_18,hospital_26
user886@example.com,hospital_10,hospital_51,hospital_5,hospital_4
user887@example.com,hospital_40,hospital_18,hospital_32,hospital_26
user888@example.com,hospital_29,hospital_43,hospital_62,hospital_39
user889@example.com,hospital_20,hospital_5,hospital_18,hospital_66
user890@example.com,hospital_64,hospital_65,hospital_44,hospital_24
user891@example.com,hospital_43,hospital_53,hospital_8,hospital_25
user892@example.com,hospital_33,hospital_53,hospital_64,hospital_56
user893@example.com,hospital_69,hospital_55,hospital_28,hospital_68
user894@example.com,hospital_16,hospital_47,hospital_48,hospital_54
user895@example.com,hospital_17,hospital_50,hospital_56,hospital_25
user896@example.com,hospital_65,hospital_68,hospital_18,hospital_38
user897@example.com,hospital_66,hospital_13,hospital_28,hospital_45
user898@example.com,hospital_37,hospital_42,hospital_45,hospital_68
user899@example.com,hospital_13,hospital_44,hospital_20,hospital_32
user900@example.com,hospital_27,hospital_0,hospital_66,hospital_41
user901@example.com,hospital_3,hospital_17,hospital_47,hospital_62
user902@example.com,hospital_64,hospital_54,hospital_66,hospital_35
user903@example.com,hospital_63,hospital_44,hospital_34,hospital_54
user904@example.com,hospital_43,hospital_20,hospital_53,hospital_10
user905@example.com,hospital_0,hospital_8,hospital_1,hospital_18
user906@example.com,hospital_62,hospital_6,hospital_8,hospital_20
user907@example.com,hospital_53,hospital_67,hospital_26,hospital_58
user908@example.com,hospital_14,hospital_8,hospital_9,hospital_20
user909@example.com,hospital_39,hospital_50,hospital_46,hospital_1
user910@example.com,hospital_49,hospital_33,hospital_41,hospital_59
user911@example.com,hospital_46,hospital_20,hospital_69,hospital_6
user912@example.com,hospital_65,hospital_59,hospital_30,hospital_13
user913@example.com,hospital_16,hospital_33,hospital_11,hospital_49
user914@example.com,hospital_42,hospital_2,hospital_39,hospital_60
user915@example.com,hospital_60,hospital_66,hospital_12,hospital_2
user916@example.com,hospital_46,hospital_28,hospital_56,hospital_61
user917@example.com,hospital_54,hospital_29,hospital_19,hospital_22
user918@example.com,hospital_41,hospital_4,hospital_26,hospital_46
user919@example.com,hospital_10,hospital_15,hospital_38,hospital_60
user920@example.com,hospital_12,hospital_49,hospital_63,hospital_3
user921@example.com,hospital_39,hospital_27,hospital_59,hospital_54
user922@example.com,hospital_10,hospital_67,hospital_12,hospital_53
user923@example.com,hospital_10,hospital_50,hospital_23,hospital_21
user924@example.com,hospital_50,hospital_48,hospital_59,hospital_9
user925@example.com,hospital_7,hospital_1,hospital_62,hospital_68
user926@example.com,hospital_8,hospital_14,hospital_62,hospital_13
user927@example.com,hospital_38,hospital_34,hospital_9,hospital_16
user928@example.com,hospital_34,hospital_52,hospital_31,hospital_32
user929@example.com,hospital_60,hospital_16,hospital_66,hospital_11
user930@example.com,hospital_10,hospital_63,hospital_21,hospital_0
user931@example.com,hospital_10,hospital_61,hospital_2,hospital_16
user932@example.com,hospital_9,hospital_24,hospital_57,hospital_25
user933@example.com,hospital_22,hospital_44,hospital_6,hospital_52
user934@example.com,hospital_64,hospital_48,hospital_1,hospital_36
user935@example.com,hospital_51,hospital_37,hospital_0,hospital_6
user936@example.com,hospital_18,hospital_58,hospital_2,hospital_54
user937@example.com,hospital_44,hospital_18,hospital_29,hospital_33
user938@example.com,hospital_59,hospital_66,hospital_10,hospital_41
user939@example.com,hospital_31,hospital_19,hospital_44,hospital_0
user940@example.com,hospital_60,hospital_0,hospital_57,hospital_36
user941@example.com,hospital_56,hospital_11,hospital_28,hospital_5
user942@example.com,hospital_69,hospital_29,hospital_9,hospital_18
user943@example.com,hospital_62,hospital_52,hospital_18,hospital_68
user944@example.com,hospital_11,hospital_6,hospital_48,hospital_33
user945@example.com,hospital_63,hospital_39,hospital_58,hospital_12
user946@example.com,hospital_43,hospital_38,hospital_58,hospital_41
user947@example.com,hospital_11,hospital_65,hospital_25,hospital_44
user948@example.com,hospital_31,hospital_17,hospital_66,hospital_4
user949@example.com,hospital_12,hospital_50,hospital_61,hospital_32
user950@example.com,hospital_52,hospital_5,hospital_57,hospital_65
user951@example.com,hospital_19,hospital_5,hospital_42,hospital_65
user952@example.com,hospital_25,hospital_46,hospital_14,hospital_53
user953@example.com,hospital_24,hospital_51,hospital_63,hospital_53
user954@example.com,hospital_54,hospital_61,hospital_26,hospital_43
user955@example.com,hospital_19,hospital_50,hospital_68,hospital_53
user956@example.com,hospital_22,hospital_8,hospital_47,hospital_0
user957@example.com,hospital_42,hospital_31,hospital_58,hospital_47
user958@example.com,hospital_61,hospital_7,hospital_65,hospital_15
user959@example.com,hospital_11,hospital_4,hospital_67,hospital_69
user960@example.com,hospital_1,hospital_22,hospital_11,hospital_68
user961@example.com,hospital_48,hospital_31,hospital_34,hospital_12
user962@example.com,hospital_4,hospital_2,hospital_53,hospital_36
user963@example.com,hospital_49,hospital_35,hospital_46,hospital_4
user964@example.com,hospital_40,hospital_17,hospital_28,hospital_25
user965@example.com,hospital_42,hospital_26,hospital_37,hospital_5
user966@example.com,hospital_46,hospital_37,hospital_40,hospital_62
user967@example.com,hospital_62,hospital_36,hospital_58,hospital_21
user968@example.com,hospital_27,hospital_33,hospital_66,hospital_0
user969@example.com,hospital_26,hospital_7,hospital_44,hospital_68
user970@example.com,hospital_42,hospital_36,hospital_48,hospital_15
user971@example.com,hospital_57,hospital_53,hospital_22,hospital_32
user972@example.com,hospital_49,hospital_16,hospital_65,hospital_33
user973@example.com,hospital_41,hospital_15,hospital_12,hospital_30
user974@example.com,hospital_41,hospital_67,hospital_6,hospital_36
user975@example.com,hospital_12,hospital_19,hospital_3,hospital_43
user976@example.com,hospital_19,hospital_32,hospital_16,hospital_8
user977@example.com,hospital_39,hospital_59,hospital_13,hospital_11
user978@example.com,hospital_53,hospital_37,hospital_32,hospital_62
user979@example.com,hospital_5,hospital_38,hospital_6,hospital_13
user980@example.com,hospital_26,hospital_48,hospital_44,hospital_54
user981@example.com,hospital_52,hospital_49,hospital_3,hospital_40
user982@example.com,hospital_15,hospital_20,hospital_30,hospital_44
user983@example.com,hospital_3,hospital_67,hospital_64,hospital_55
user984@example.com,hospital_49,hospital_64,hospital_54,hospital_3
user985@example.com,hospital_24,hospital_63,hospital_16,hospital_11
user986@example.com,hospital_21,hospital_54,hospital_62,hospital_16
user987@example.com,hospital_29,hospital_14,hospital_53,hospital_59
user988@example.com,hospital_36,hospital_51,hospital_57,hospital_69
user989@example.com,hospital_37,hospital_42,hospital_22,hospital_47
user990@example.com,hospital_26,hospital_42,hospital_32,hospital_25
user991@example.com,hospital_10,hospital_37,hospital_60,hospital_26
user992@example.com,hospital_15,hospital_9,hospital_43,hospital_21
user993@example.com,hospital_69,hospital_52,hospital_27,hospital_31
user994@example.com,hospital_48,hospital_65,hospital_28,hospital_58
user995@example.com,hospital_53,hospital_51,hospital_24,hospital_39
user996@example.com,hospital_53,hospital_39,hospital_17,hospital_7
user997@example.com,hospital_45,hospital_37,hospital_0,hospital_63
user998@example.com,hospital_3,hospital_15,hospital_31,hospital_49
user999@example.com,hospital_16,hospital_57,hospital_48,hospital_0
